,Make,baseModel
0,AM General,DJ Po Vehicle
1,AM General,FJ8c Post Office
2,AM General,Post Office DJ5
3,AM General,Post Office DJ8
4,ASC Incorporated,GNX
5,Acura,CL
6,Acura,ILX
7,Acura,Integra
8,Acura,Legend
9,Acura,MDX
10,Acura,NSX
11,Acura,RDX
12,Acura,RL
13,Acura,RLX
14,Acura,RSX
15,Acura,SLX
16,Acura,TL
17,Acura,TLX
18,Acura,TSX
19,Acura,Vigor
20,Acura,ZDX
21,Alfa Romeo,164
22,Alfa Romeo,4C
23,Alfa Romeo,GT
24,Alfa Romeo,GTV
25,Alfa Romeo,Giulia
26,Alfa Romeo,Milano
27,Alfa Romeo,Spider
28,Alfa Romeo,Stelvio
29,Alfa Romeo,Tonale eAWD
30,American Motors Corporation,Eagle
31,Aston Martin,DB AR1
32,Aston Martin,DB-7 GT
33,Aston Martin,DB-7 Vantage
34,Aston Martin,DB11
35,Aston Martin,DB12 V8
36,Aston Martin,DB7
37,Aston Martin,DB9
38,Aston Martin,DBS
39,Aston Martin,DBX 707
40,Aston Martin,DBX V8
41,Aston Martin,Lagonda
42,Aston Martin,Rapide
43,Aston Martin,Saloon/Vantage/Volante
44,Aston Martin,Saloon/vantage/volante
45,Aston Martin,Valour
46,Aston Martin,Vanquish
47,Aston Martin,Vantage
48,Aston Martin,Vantage Manual
49,Aston Martin,Virage
50,Aston Martin,Virage/Volante
51,Audi,100
52,Audi,200
53,Audi,4000
54,Audi,5000
55,Audi,80/90
56,Audi,A3
57,Audi,A4
58,Audi,A5
59,Audi,A6
60,Audi,A7
61,Audi,A8
62,Audi,Allroad
63,Audi,Cabriolet
64,Audi,Coupe GT
65,Audi,Coupe quattro
66,Audi,Q3
67,Audi,Q4 e-tron
68,Audi,Q5
69,Audi,Q7
70,Audi,Q8
71,Audi,Q8 e-tron
72,Audi,Quattro
73,Audi,R8
74,Audi,R8 Spyder
75,Audi,RS
76,Audi,RS 3
77,Audi,RS 4
78,Audi,RS 5
79,Audi,RS 6
80,Audi,RS 7
81,Audi,RS Q8
82,Audi,RS e-tron GT
83,Audi,S3
84,Audi,S4
85,Audi,S5
86,Audi,S6
87,Audi,S7
88,Audi,S8
89,Audi,SQ5
90,Audi,SQ7
91,Audi,SQ8
92,Audi,SQ8 e-tron
93,Audi,TT
94,Audi,TT Coupe
95,Audi,TT RS
96,Audi,TT Roadster
97,Audi,TTS
98,Audi,TTS Coupe
99,Audi,V8
100,Audi,e-tron
101,Audi,e-tron GT
102,Audi,e-tron S
103,Aurora Cars Ltd,Aurora
104,Autokraft Limited,A.C.MARK IV
105,Autokraft Limited,A.C.Mkiv
106,Avanti Motor Corporation,Avanti II
107,Azure Dynamics,Transit Connect Electric Van/Wagon
108,BMW,1 Series
109,BMW,2 Series
110,BMW,3 Series
111,BMW,4 Series
112,BMW,5 Series
113,BMW,6 Series
114,BMW,7 Series
115,BMW,8 Series
116,BMW,Active E
117,BMW,ActiveHybrid X6
118,BMW,M
119,BMW,X1
120,BMW,X2
121,BMW,X3
122,BMW,X4
123,BMW,X5
124,BMW,X6
125,BMW,X7
126,BMW,XM
127,BMW,Z3
128,BMW,Z4
129,BMW,Z8
130,BMW,i3
131,BMW,i4
132,BMW,i5
133,BMW,i7
134,BMW,i8
135,BMW,iX
136,BMW Alpina,7 Series
137,BMW Alpina,Roadster
138,BYD,e6
139,Bentley,Arnage
140,Bentley,Azure
141,Bentley,Bentayga
142,Bentley,Brooklands
143,Bentley,Continental
144,Bentley,Continental Flying Spur
145,Bentley,Continental GT Convertible
146,Bentley,Continental Supersports
147,Bentley,Continental Supersports Convertible
148,Bentley,Flying Spur
149,Bentley,Mulsanne
150,Bentley,Turbo RT
151,Bertone,X1/9
152,Bill Dovell Motor Car Company,Dovell 230CE
153,Bill Dovell Motor Car Company,Dovell 230E
154,Bitter Gmbh and Co. Kg,Bitter SC
155,Bitter Gmbh and Co. Kg,SC
156,Bugatti,Chiron
157,Bugatti,Divo
158,Bugatti,Veyron
159,Buick,Cascada
160,Buick,Century
161,Buick,Century Estate Wagon
162,Buick,Century Wagon
163,Buick,Coachbuilder Wagon
164,Buick,Electra Estate Wagon
165,Buick,Electra/Park Avenue
166,Buick,Enclave
167,Buick,Encore
168,Buick,Envision
169,Buick,Envista
170,Buick,Estate Wagon
171,Buick,Funeral Coach/Hearse
172,Buick,LaCrosse
173,Buick,Lacrosse/Allure
174,Buick,LeSabre
175,Buick,LeSabre/Electra Wagon
176,Buick,Lucerne
177,Buick,Park Avenue
178,Buick,Rainier
179,Buick,Reatta
180,Buick,Regal
181,Buick,Regal/Century
182,Buick,Rendezvous
183,Buick,Riviera
184,Buick,Roadmaster
185,Buick,Skyhawk
186,Buick,Skylark
187,Buick,Somerset Regal
188,Buick,Somerset/Skylark
189,Buick,Terraza
190,Buick,Verano
191,CCC Engineering,Duntov GT
192,CODA Automotive,CODA
193,CX Automotive,CX
194,CX Automotive,Cxestate
195,CX Automotive,XM
196,Cadillac,ATS
197,Cadillac,ATS-V
198,Cadillac,Allante
199,Cadillac,Armored DTS
200,Cadillac,Armored Deville
201,Cadillac,Brougham
202,Cadillac,Brougham/DeVille
203,Cadillac,CT4
204,Cadillac,CT5
205,Cadillac,CT6
206,Cadillac,CTS
207,Cadillac,CTS-V
208,Cadillac,Catera
209,Cadillac,Cimarron
210,Cadillac,Commercial Chassis
211,Cadillac,DTS
212,Cadillac,DeVille
213,Cadillac,DeVille/60 Special
214,Cadillac,DeVille/Concourse
215,Cadillac,ELR
216,Cadillac,Eldorado
217,Cadillac,Escalade
218,Cadillac,Fleetwood
219,Cadillac,Fleetwood Brougham
220,Cadillac,Fleetwood/DeVille
221,Cadillac,Funeral Coach/Hearse
222,Cadillac,LYRIQ
223,Cadillac,Limousine
224,Cadillac,SRX
225,Cadillac,STS
226,Cadillac,STS-V
227,Cadillac,Seville
228,Cadillac,XLR
229,Cadillac,XLR-V
230,Cadillac,XT4
231,Cadillac,XT5
232,Cadillac,XT6
233,Cadillac,XTS
234,Cadillac,XTS Hearse
235,Cadillac,XTS Limo
236,Chevrolet,Astro Cargo
237,Chevrolet,Astro Passenger
238,Chevrolet,Avalanche
239,Chevrolet,Aveo
240,Chevrolet,Beretta
241,Chevrolet,Blazer
242,Chevrolet,Bolt EUV
243,Chevrolet,Bolt EV
244,Chevrolet,C10 Pickup
245,Chevrolet,C1500 Pickup
246,Chevrolet,C20 Pickup
247,Chevrolet,C2500 Pickup
248,Chevrolet,Camaro
249,Chevrolet,Caprice
250,Chevrolet,Captiva
251,Chevrolet,Cavalier
252,Chevrolet,Celebrity
253,Chevrolet,Chevette
254,Chevrolet,Citation II
255,Chevrolet,City Express Cargo Van
256,Chevrolet,Classic
257,Chevrolet,Coachbuilder Wagon
258,Chevrolet,Cobalt
259,Chevrolet,Colorado
260,Chevrolet,Corsica
261,Chevrolet,Corvette
262,Chevrolet,Cruze
263,Chevrolet,El Camino Pickup
264,Chevrolet,Epica
265,Chevrolet,Equinox
266,Chevrolet,Express Cargo
267,Chevrolet,Express Passenger
268,Chevrolet,G10/20 Van
269,Chevrolet,G30 Van
270,Chevrolet,HHR
271,Chevrolet,Impala
272,Chevrolet,Impala/Caprice
273,Chevrolet,K10 Pickup
274,Chevrolet,K1500 Pickup
275,Chevrolet,K20 Pickup
276,Chevrolet,K2500 Pickup
277,Chevrolet,Lumina
278,Chevrolet,Lumina Minivan
279,Chevrolet,Lumina/APV Minivan
280,Chevrolet,Lumina/Monte Carlo
281,Chevrolet,Malibu
282,Chevrolet,Metro
283,Chevrolet,Monte Carlo
284,Chevrolet,Nova
285,Chevrolet,Optra
286,Chevrolet,Pickup 2500
287,Chevrolet,Postal Cab Chassis
288,Chevrolet,Prizm
289,Chevrolet,R10 Pickup
290,Chevrolet,R20 (C20) Pickup
291,Chevrolet,S10 Cab Chassis
292,Chevrolet,S10 Pickup
293,Chevrolet,S10 Utility Body
294,Chevrolet,SS
295,Chevrolet,SSR Pickup
296,Chevrolet,Silverado
297,Chevrolet,Sonic
298,Chevrolet,Spark
299,Chevrolet,Spectrum
300,Chevrolet,Sport Van
301,Chevrolet,Sprint
302,Chevrolet,Suburban
303,Chevrolet,T10 (S10) Pickup
304,Chevrolet,Tahoe
305,Chevrolet,Tracker
306,Chevrolet,TrailBlazer
307,Chevrolet,Trailblazer
308,Chevrolet,Traverse
309,Chevrolet,Trax
310,Chevrolet,Uplander
311,Chevrolet,V10 (K10) Pickup
312,Chevrolet,V20 Pickup
313,Chevrolet,Van 15/25 Conversion
314,Chevrolet,Van 1500
315,Chevrolet,Van 1500/2500
316,Chevrolet,Venture
317,Chevrolet,Volt
318,Chrysler,200
319,Chrysler,300
320,Chrysler,300 SRT8
321,Chrysler,Aspen
322,Chrysler,Cirrus
323,Chrysler,Concorde
324,Chrysler,Concorde/LHS
325,Chrysler,Conquest
326,Chrysler,Crossfire
327,Chrysler,E Class/New Yorker
328,Chrysler,Executive Sedan/Limousine
329,Chrysler,Fifth Avenue/Imperial
330,Chrysler,Imperial/New Yorker Fifth Avenue
331,Chrysler,JX/JXI/Limited Convertible
332,Chrysler,LHS
333,Chrysler,Laser
334,Chrysler,Laser/Daytona
335,Chrysler,LeBaron
336,Chrysler,Limousine
337,Chrysler,New Yorker
338,Chrysler,New Yorker Fifth Avenue/Imperial
339,Chrysler,New Yorker/5th Avenue
340,Chrysler,New Yorker/LHS
341,Chrysler,Newport/Fifth Avenue
342,Chrysler,PT Cruiser
343,Chrysler,Pacifica
344,Chrysler,Prowler
345,Chrysler,QC Car
346,Chrysler,Sebring
347,Chrysler,TC
348,Chrysler,Town and Country
349,Chrysler,Town and Country/Voyager/Grand Voyager
350,Chrysler,Voyager
351,Chrysler,Voyager/Town and Country
352,Consulier Industries Inc,Consulier GTP
353,Dabryan Coach Builders Inc,WB
354,Dacia,Coupe
355,Dacia,Sedan
356,Dacia,Station Wagon
357,Daewoo,Kalos
358,Daewoo,Lacetti
359,Daewoo,Lanos
360,Daewoo,Leganza
361,Daewoo,Magnus
362,Daewoo,Nubira
363,Daihatsu,Charade
364,Daihatsu,Rocky
365,Dodge,600
366,Dodge,Aries
367,Dodge,Avenger
368,Dodge,B150/B250 Van
369,Dodge,B150/B250 Wagon
370,Dodge,B1500 Van
371,Dodge,B1500 Wagon
372,Dodge,B1500/B2500 Van
373,Dodge,B1500/B2500 Wagon
374,Dodge,B2500 Van
375,Dodge,B2500 Wagon
376,Dodge,B350 Van
377,Dodge,B350 Wagon
378,Dodge,B3500 Van
379,Dodge,B3500 Wagon
380,Dodge,CSX
381,Dodge,Caliber
382,Dodge,Caravan C/V/Grand Caravan
383,Dodge,Caravan/Grand Caravan
384,Dodge,Caravan/Grand Caravan/Ram Van
385,Dodge,Caravan/Ram Van
386,Dodge,Challenger
387,Dodge,Charger
388,Dodge,Colt
389,Dodge,Conquest
390,Dodge,D100/D150 Pickup
391,Dodge,D250 Cab Chassis
392,Dodge,D250 Pickup
393,Dodge,D250 Pickup Cab Chassis
394,Dodge,Dakota Cab Chassis
395,Dodge,Dakota Pickup
396,Dodge,Dart
397,Dodge,Daytona
398,Dodge,Diplomat
399,Dodge,Durango
400,Dodge,Dynasty
401,Dodge,GLH-S
402,Dodge,Grand Caravan
403,Dodge,Hornet
404,Dodge,Intrepid
405,Dodge,Journey
406,Dodge,Lancer
407,Dodge,Magnum
408,Dodge,Monaco
409,Dodge,Neon
410,Dodge,Neon/SRT-4/SX 2.0
411,Dodge,Nitro
412,Dodge,Omni
413,Dodge,Power Ram 50 Pickup
414,Dodge,Raider
415,Dodge,Ram 1500 Pickup
416,Dodge,Ram 2500 Pickup
417,Dodge,Ram 50 Pickup
418,Dodge,Ram Van 1500
419,Dodge,Ram Van 2500
420,Dodge,Ram Wagon 1500
421,Dodge,Ram Wagon 2500
422,Dodge,Ramcharger
423,Dodge,Rampage Pickup
424,Dodge,Shadow
425,Dodge,Spirit
426,Dodge,Stealth
427,Dodge,Stratus
428,Dodge,Viper
429,Dodge,W100/W150 Pickup
430,Dodge,W250 Pickup
431,"E. P. Dutton, Inc.",Funeral Coach
432,Eagle,Medallion
433,Eagle,Premier
434,Eagle,Renault Medallion
435,Eagle,Summit
436,Eagle,Talon
437,Eagle,Vision
438,Eagle,Wagon
439,Environmental Rsch and Devp Corp,ERD 1
440,Evans Automobiles,Series 1
441,Excalibur Autos,Phaeton
442,Federal Coach,24E
443,Federal Coach,85J
444,Federal Coach,Eagle
445,Federal Coach,Formal
446,Federal Coach,Heritage
447,Federal Coach,Lincoln 100J
448,Federal Coach,Lincoln 24E
449,Federal Coach,Lincoln 85J
450,Federal Coach,Lincoln Eagle/Windsor
451,Federal Coach,Lincoln Eaton
452,Federal Coach,Lincoln Stratford
453,Federal Coach,Renaissance
454,Federal Coach,Six Door
455,Federal Coach,Windsor
456,Ferrari,296 GTB
457,Ferrari,296 GTB Spider
458,Ferrari,3.2 Mondial/Cabriolet
459,Ferrari,308
460,Ferrari,328 GTS/GTB
461,Ferrari,348 TB/TS
462,Ferrari,360 Modena/Modena F1
463,Ferrari,360 Modena/Spider
464,Ferrari,360 Modena/Spider/Challenge
465,Ferrari,456 MGT/MGA
466,Ferrari,458 Italia
467,Ferrari,458 Speciale
468,Ferrari,458 Spider
469,Ferrari,488 GTB
470,Ferrari,488 Pista
471,Ferrari,488 Pista Spider
472,Ferrari,488 Spider
473,Ferrari,550 Maranello
474,Ferrari,550 Maranello/Barchetta
475,Ferrari,575
476,Ferrari,575 M Maranello
477,Ferrari,575 M Maranello and Superamerica
478,Ferrari,599 GTB
479,Ferrari,599 GTB Fiorano
480,Ferrari,599 GTO
481,Ferrari,599 SA Aperta
482,Ferrari,612 Scaglietti
483,Ferrari,812 Competizione
484,Ferrari,812 GTS
485,Ferrari,812 Superfast
486,Ferrari,California
487,Ferrari,California T
488,Ferrari,Daytona SP3
489,Ferrari,Enzo Ferrari
490,Ferrari,F 40
491,Ferrari,F12
492,Ferrari,F12 Berlinetta
493,Ferrari,F12 tdf
494,Ferrari,F141
495,Ferrari,F175 AHA
496,Ferrari,F355/355 F1
497,Ferrari,F40
498,Ferrari,F430
499,Ferrari,F60 America
500,Ferrari,F8 Spider
501,Ferrari,F8 Tributo
502,Ferrari,FF
503,Ferrari,Ferrari 348 TB/TS
504,Ferrari,Ferrari 348 TB/TS/Spider
505,Ferrari,Ferrari 456
506,Ferrari,Ferrari 512 TR
507,Ferrari,Ferrari 550 Maranello
508,Ferrari,Ferrari F355
509,Ferrari,Ferrari F355 Berlinetta/GTS
510,Ferrari,Ferrari F355/355 F1
511,Ferrari,Ferrari F50
512,Ferrari,Ferrari F512M
513,Ferrari,Ferrari Mondial T/Cabriolet
514,Ferrari,GTC4Lusso
515,Ferrari,LaFerrari
516,Ferrari,Mondial
517,Ferrari,Mondial T/Cabriolet
518,Ferrari,Mondial/Cabriolet
519,Ferrari,Monza SP1
520,Ferrari,Monza SP2
521,Ferrari,Portofino
522,Ferrari,Purosangue
523,Ferrari,Roma
524,Ferrari,SF90 Spider
525,Ferrari,SF90 Stradale
526,Ferrari,SF90 Stradale Coupe
527,Ferrari,Testarossa
528,Fiat,124 Spider
529,Fiat,500
530,Fiat,500 L
531,Fiat,500 X
532,Fiat,500e
533,Fisker,Karma
534,Fisker,Ocean
535,Ford,Aerostar Van
536,Ford,Aerostar Wagon
537,Ford,Aspire
538,Ford,Bronco
539,Ford,Bronco II
540,Ford,Bronco Sport
541,Ford,C-MAX
542,Ford,Contour
543,Ford,Courier
544,Ford,Crown Victoria
545,Ford,E150 Club Wagon
546,Ford,E150 Econoline
547,Ford,E150 Van
548,Ford,E150 Wagon
549,Ford,E250 Econoline
550,Ford,E250 Van
551,Ford,E350 Van
552,Ford,E350 Wagon
553,Ford,EXP
554,Ford,EcoSport
555,Ford,Edge
556,Ford,Escape
557,Ford,Escort
558,Ford,Expedition
559,Ford,Explorer
560,Ford,F-150 Lightning
561,Ford,F150
562,Ford,F250
563,Ford,Festiva
564,Ford,Fiesta
565,Ford,Five Hundred
566,Ford,Flex
567,Ford,Focus
568,Ford,Freestar
569,Ford,Freestyle
570,Ford,Fusion
571,Ford,GT
572,Ford,LTD
573,Ford,LTD Crown Victoria
574,Ford,LTD Crown Victoria/Country Squire Wagon
575,Ford,Laser
576,Ford,Maverick
577,Ford,Mustang
578,Ford,Mustang Mach-E
579,Ford,Postal Vehicle
580,Ford,Probe
581,Ford,Ranger
582,Ford,Taurus
583,Ford,Tempo
584,Ford,Th!nk
585,Ford,Thunderbird
586,Ford,Transit Connect
587,Ford,Transit T150 Wagon
588,Ford,Windstar
589,GMC,Acadia
590,GMC,C2500 Sierra
591,GMC,Caballero Pickup
592,GMC,Canyon
593,GMC,EV1
594,GMC,Envoy
595,GMC,Hummer EV
596,GMC,Jimmy
597,GMC,K2500 Sierra
598,GMC,Pickup
599,GMC,Rally
600,GMC,S15 Cab Chassis
601,GMC,S15 Pickup
602,GMC,S15 Utility Body
603,GMC,Safari
604,GMC,Safari Cargo
605,GMC,Safari Passenger
606,GMC,Savana Cargo
607,GMC,Savana Passenger
608,GMC,Sierra
609,GMC,Sonoma
610,GMC,Suburban
611,GMC,Terrain
612,GMC,Vandura
613,GMC,Yukon
614,General Motors,Coachbuilder Wagon
615,Genesis,G70
616,Genesis,G80
617,Genesis,G90
618,Genesis,GV60
619,Genesis,GV70
620,Genesis,GV80
621,Geo,Metro
622,Geo,Prizm
623,Geo,Spectrum
624,Geo,Storm
625,Geo,Tracker
626,Goldacre,Goldacre Limited
627,Grumman Allied Industries,LLV
628,Grumman Olson,Kubvan
629,Honda,Accord
630,Honda,CR-V
631,Honda,CR-Z
632,Honda,Civic
633,Honda,Clarity
634,Honda,Crosstour
635,Honda,Del Sol
636,Honda,EV Plus
637,Honda,Element
638,Honda,Fit
639,Honda,HR-V
640,Honda,Insight
641,Honda,Odyssey
642,Honda,Passport
643,Honda,Pilot
644,Honda,Prelude
645,Honda,Prologue
646,Honda,Ridgeline
647,Honda,S2000
648,Hummer,H3
649,Hummer,H3T
650,Hyundai,Accent
651,Hyundai,Accent/Brio
652,Hyundai,Azera
653,Hyundai,Elantra
654,Hyundai,Entourage
655,Hyundai,Equus
656,Hyundai,Excel
657,Hyundai,Genesis
658,Hyundai,Ioniq
659,Hyundai,Ioniq 5
660,Hyundai,Ioniq 6
661,Hyundai,J-Car/Elantra
662,Hyundai,Kona
663,Hyundai,Nexo
664,Hyundai,Palisade
665,Hyundai,Pony Excel
666,Hyundai,Precis
667,Hyundai,Santa Cruz
668,Hyundai,Santa Fe
669,Hyundai,Scoupe
670,Hyundai,Sonata
671,Hyundai,Tiburon
672,Hyundai,Tucson
673,Hyundai,Veloster
674,Hyundai,Venue
675,Hyundai,Veracruz
676,Hyundai,XG
677,INEOS Automotive,Grenadier
678,Import Foreign Auto Sales Inc,1fas 410
679,Import Trade Services,BMW 325I
680,Import Trade Services,BMW 325i
681,Import Trade Services,ITS 190E
682,Import Trade Services,ITS 190E 2.0
683,Import Trade Services,ITS 190E 2.3
684,Import Trade Services,ITS 200TE
685,Import Trade Services,ITS 230CE
686,Import Trade Services,ITS 230TE
687,Import Trade Services,ITS 320
688,Import Trade Services,ITS 520
689,Import Trade Services,MB 300E
690,Import Trade Services,MB 300SL
691,Infiniti,EX35
692,Infiniti,EX37
693,Infiniti,FX35
694,Infiniti,FX37
695,Infiniti,FX45
696,Infiniti,FX50
697,Infiniti,G20
698,Infiniti,G25
699,Infiniti,G35
700,Infiniti,G37
701,Infiniti,I30
702,Infiniti,I35
703,Infiniti,J30
704,Infiniti,JX35
705,Infiniti,M30
706,Infiniti,M35
707,Infiniti,M37
708,Infiniti,M45
709,Infiniti,M56
710,Infiniti,Q40
711,Infiniti,Q45
712,Infiniti,Q50
713,Infiniti,Q60
714,Infiniti,Q70
715,Infiniti,QX30
716,Infiniti,QX4
717,Infiniti,QX50
718,Infiniti,QX55
719,Infiniti,QX56
720,Infiniti,QX60
721,Infiniti,QX70
722,Infiniti,QX80
723,Isis Imports Ltd,Morgan Plus 8
724,Isuzu,750C/I-Mark
725,Isuzu,Amigo
726,Isuzu,Ascender
727,Isuzu,Axiom
728,Isuzu,Hombre Pickup
729,Isuzu,I-Mark
730,Isuzu,Impulse
731,Isuzu,Oasis
732,Isuzu,Pickup
733,Isuzu,Rodeo
734,Isuzu,Stylus
735,Isuzu,Trooper
736,Isuzu,Vehicross
737,Isuzu,i-280 Extended Cab
738,Isuzu,i-290 Extended Cab
739,Isuzu,i-350 Crew Cab
740,Isuzu,i-370 Crew Cab
741,Isuzu,i-370 Extended Cab
742,J.K. Motors,190E 2.3 MERC BENZ
743,J.K. Motors,230E MERC BENZ
744,J.K. Motors,300CE MERC BENZ
745,J.K. Motors,300E MERC BENZ
746,J.K. Motors,300SL
747,J.K. Motors,300SL MERC BENZ
748,J.K. Motors,300TE MERC BENZ
749,J.K. Motors,BMW535I
750,J.K. Motors,BMW635CSI
751,J.K. Motors,BMW635L6
752,J.K. Motors,BMW735I
753,J.K. Motors,BMW735IL
754,J.K. Motors,MERC BENZ 300CE
755,J.K. Motors,MERC BENZ 300E
756,J.K. Motors,MERC BENZ 300SE
757,J.K. Motors,MERC BENZ 300SEL
758,J.K. Motors,MERC BENZ 300TE
759,J.K. Motors,MERC.BENZ 260E
760,J.K. Motors,MERC.BENZ.300SE
761,J.K. Motors,PORSCHE 928 S4
762,J.K. Motors,Testarossa
763,"JBA Motorcars, Inc.",W-126/4 Series
764,Jaguar,E-Pace
765,Jaguar,F-Pace
766,Jaguar,F-Type
767,Jaguar,I-Pace
768,Jaguar,S-Type
769,Jaguar,S-type
770,Jaguar,Super V8
771,Jaguar,Vanden Plas
772,Jaguar,Vdp
773,Jaguar,X-Type
774,Jaguar,XE
775,Jaguar,XF
776,Jaguar,XJ
777,Jaguar,XJL
778,Jaguar,XJR
779,Jaguar,XJRS
780,Jaguar,XJS
781,Jaguar,XK
782,Jaguar,XK8
783,Jaguar,XKR
784,Jeep,CJ
785,Jeep,Cherokee
786,Jeep,Cherokee/Wagoneer
787,Jeep,Comanche
788,Jeep,Comanche Pickup
789,Jeep,Commander
790,Jeep,Compass
791,Jeep,Gladiator
792,Jeep,Gladiator Pickup
793,Jeep,Grand Cherokee
794,Jeep,Grand Wagoneer
795,Jeep,J-10 Pickup
796,Jeep,J-20 Pickup
797,Jeep,Liberty
798,Jeep,Liberty/Cherokee
799,Jeep,Patriot
800,Jeep,Renegade
801,Jeep,Scrambler
802,Jeep,Scrambler Pickup
803,Jeep,Wagoneer
804,Jeep,Wrangler
805,Jeep,Wrangler/TJ
806,Kandi,K27
807,Karma,GS-6
808,Karma,Revero
809,Kenyon Corporation Of America,Kenyon 5.0 Cabrio
810,Kenyon Corporation Of America,Kenyon 5.0 Coupe
811,Kenyon Corporation Of America,Kenyon 5.0 Sedan
812,Kenyon Corporation Of America,Kenyon 5.0 Sp Sedan
813,Kia,Amanti
814,Kia,Borrego
815,Kia,Cadenza
816,Kia,Carnival
817,Kia,EV6
818,Kia,EV9
819,Kia,Forte
820,Kia,K5
821,Kia,K900
822,Kia,Niro
823,Kia,Optima
824,Kia,Rio
825,Kia,Rondo
826,Kia,Sedona
827,Kia,Seltos
828,Kia,Sephia
829,Kia,Sephia/Spectra
830,Kia,Sorento
831,Kia,Soul
832,Kia,Spectra
833,Kia,Sportage
834,Kia,Stinger
835,Kia,Telluride
836,Koenigsegg,Agera RS
837,Koenigsegg,Regera
838,Laforza Automobile Inc,Laforza
839,Lambda Control Systems,300E
840,Lamborghini,Aventador
841,Lamborghini,Countach
842,Lamborghini,Diablo
843,Lamborghini,Gallardo
844,Lamborghini,Huracan
845,Lamborghini,Murcielago
846,Lamborghini,Urus
847,Lamborghini,Veneno
848,Land Rover,Defender
849,Land Rover,Discovery
850,Land Rover,Discovery Sport
851,Land Rover,Evoque
852,Land Rover,Freelander
853,Land Rover,LR2
854,Land Rover,LR3
855,Land Rover,LR4
856,Land Rover,Range Rover
857,Lexus,CT
858,Lexus,ES
859,Lexus,GS
860,Lexus,GX
861,Lexus,HS
862,Lexus,IS
863,Lexus,IS F
864,Lexus,LC
865,Lexus,LFA
866,Lexus,LS
867,Lexus,LX
868,Lexus,NX
869,Lexus,RC
870,Lexus,RC F
871,Lexus,RX
872,Lexus,RZ
873,Lexus,SC
874,Lexus,TX
875,Lexus,UX
876,Lincoln,Aviator
877,Lincoln,Blackwood
878,Lincoln,Continental
879,Lincoln,Corsair
880,Lincoln,LS
881,Lincoln,MKC
882,Lincoln,MKS
883,Lincoln,MKT
884,Lincoln,MKX
885,Lincoln,MKZ
886,Lincoln,Mark LT
887,Lincoln,Mark VII
888,Lincoln,Mark VIII
889,Lincoln,Nautilus
890,Lincoln,Navigator
891,Lincoln,Town Car
892,Lincoln,Zephyr
893,London Coach Co Inc,London Taxi
894,London Taxi,London Taxi
895,Lordstown,Endurance
896,Lotus,Elan
897,Lotus,Elise/Exige
898,Lotus,Elise/exige
899,Lotus,Emira
900,Lotus,Esprit
901,Lotus,Evora
902,Lucid,Air
903,MINI,Clubman
904,MINI,Cooper
905,MINI,Countryman
906,MINI,John Cooper Works
907,MINI,MiniE
908,MINI,Paceman
909,MINI,Roadster
910,Mahindra,TR40
911,Maserati,222E
912,Maserati,225
913,Maserati,228
914,Maserati,430
915,Maserati,Biturbo
916,Maserati,Biturbo Spyder
917,Maserati,Coupe Cambiocorsa/Coupe GT
918,Maserati,Coupe Cambiocorsa/GT/G-Sport
919,Maserati,Coupe Cambiocorsa/coupe GT
920,Maserati,Coupe and Gransport
921,Maserati,Ghibli
922,Maserati,GranTurismo
923,Maserati,Grancabrio
924,Maserati,Granturismo
925,Maserati,Grecale
926,Maserati,Karif
927,Maserati,Levante
928,Maserati,MC20
929,Maserati,Q
930,Maserati,Quattroporte
931,Maserati,Spyder
932,Maybach,57
933,Maybach,62
934,Maybach,Landaulet
935,Mazda,2
936,Mazda,3
937,Mazda,323
938,Mazda,323 Protege
939,Mazda,5
940,Mazda,6
941,Mazda,626
942,Mazda,626/MX-6
943,Mazda,929
944,Mazda,B Pickup
945,Mazda,CX-3
946,Mazda,CX-30
947,Mazda,CX-5
948,Mazda,CX-50
949,Mazda,CX-7
950,Mazda,CX-9
951,Mazda,CX-90
952,Mazda,GLC
953,Mazda,MPV
954,Mazda,MX-3
955,Mazda,MX-30
956,Mazda,MX-5
957,Mazda,MX-5 Miata
958,Mazda,MX-6
959,Mazda,Millenia
960,Mazda,Navajo
961,Mazda,Protege
962,Mazda,Protege/Protege 5
963,Mazda,Protege/Protege MPS
964,Mazda,RX-7
965,Mazda,RX-8
966,Mazda,Speed 3
967,Mazda,Tribute
968,McLaren Automotive,540C Coupe
969,McLaren Automotive,570GT
970,McLaren Automotive,570S Coupe
971,McLaren Automotive,570S Spider
972,McLaren Automotive,600LT Coupe
973,McLaren Automotive,600LT Spider
974,McLaren Automotive,620R Coupe
975,McLaren Automotive,650S Can-Am
976,McLaren Automotive,650S Coupe
977,McLaren Automotive,650S Spider
978,McLaren Automotive,675LT Coupe
979,McLaren Automotive,675LT Spider
980,McLaren Automotive,720S Coupe
981,McLaren Automotive,720S Spider
982,McLaren Automotive,765LT Coupe
983,McLaren Automotive,765LT Spider
984,McLaren Automotive,Artura
985,McLaren Automotive,Elva
986,McLaren Automotive,GT
987,McLaren Automotive,MP4-12C Coupe
988,McLaren Automotive,MP4-12C Spider
989,McLaren Automotive,MSO HS
990,McLaren Automotive,P1
991,McLaren Automotive,Sabre
992,McLaren Automotive,Senna
993,McLaren Automotive,Speedtail
994,Mcevoy Motors,240 DL/240 GL Sedan
995,Mcevoy Motors,240 DL/240 GL Wagon
996,Mcevoy Motors,740 GLE Sedan
997,Mcevoy Motors,740 GLE Wagon
998,Mercedes-Benz,190
999,Mercedes-Benz,200
1000,Mercedes-Benz,230
1001,Mercedes-Benz,260
1002,Mercedes-Benz,300
1003,Mercedes-Benz,350
1004,Mercedes-Benz,380
1005,Mercedes-Benz,400
1006,Mercedes-Benz,420
1007,Mercedes-Benz,500
1008,Mercedes-Benz,560
1009,Mercedes-Benz,600
1010,Mercedes-Benz,A-Class
1011,Mercedes-Benz,AMG GT
1012,Mercedes-Benz,B-Class Electric Drive
1013,Mercedes-Benz,C-Class
1014,Mercedes-Benz,CL-Class
1015,Mercedes-Benz,CLA-Class
1016,Mercedes-Benz,CLE-Class
1017,Mercedes-Benz,CLK-Class
1018,Mercedes-Benz,CLS-Class
1019,Mercedes-Benz,E-Class
1020,Mercedes-Benz,EQB
1021,Mercedes-Benz,EQE
1022,Mercedes-Benz,EQS
1023,Mercedes-Benz,G-Class
1024,Mercedes-Benz,GL-Class
1025,Mercedes-Benz,GLA-Class
1026,Mercedes-Benz,GLB-Class
1027,Mercedes-Benz,GLC-Class
1028,Mercedes-Benz,GLE-Class
1029,Mercedes-Benz,GLK-Class
1030,Mercedes-Benz,GLS-Class
1031,Mercedes-Benz,ML-Class
1032,Mercedes-Benz,Maybach
1033,Mercedes-Benz,Metris Cargo
1034,Mercedes-Benz,Metris Passenger
1035,Mercedes-Benz,R-Class
1036,Mercedes-Benz,S-Class
1037,Mercedes-Benz,SL-Class
1038,Mercedes-Benz,SLC-Class
1039,Mercedes-Benz,SLK-Class
1040,Mercedes-Benz,SLR
1041,Mercedes-Benz,SLS AMG
1042,Mercury,Capri
1043,Mercury,Cougar
1044,Mercury,Grand Marquis
1045,Mercury,Lynx
1046,Mercury,Marauder
1047,Mercury,Mariner
1048,Mercury,Marquis
1049,Mercury,Milan
1050,Mercury,Montego
1051,Mercury,Monterey
1052,Mercury,Mountaineer
1053,Mercury,Mystique
1054,Mercury,Sable
1055,Mercury,Topaz
1056,Mercury,Tracer
1057,Mercury,Villager
1058,Merkur,Scorpio
1059,Merkur,XR4Ti
1060,Mitsubishi,3000 GT
1061,Mitsubishi,3000 GT Spyder
1062,Mitsubishi,Cordia
1063,Mitsubishi,Diamante
1064,Mitsubishi,Eclipse
1065,Mitsubishi,Eclipse Cross
1066,Mitsubishi,Endeavor
1067,Mitsubishi,Expo
1068,Mitsubishi,Galant
1069,Mitsubishi,Lancer
1070,Mitsubishi,Mirage
1071,Mitsubishi,Montero
1072,Mitsubishi,Montero Sport
1073,Mitsubishi,Nativa
1074,Mitsubishi,Outlander
1075,Mitsubishi,Precis
1076,Mitsubishi,Raider Pickup
1077,Mitsubishi,Sigma
1078,Mitsubishi,Space Wagon
1079,Mitsubishi,Starion
1080,Mitsubishi,Tredia
1081,Mitsubishi,Truck
1082,Mitsubishi,Van
1083,Mitsubishi,Wagon
1084,Mitsubishi,i-MiEV
1085,Mobility Ventures LLC,MV-1
1086,Morgan,Plus Eight
1087,Nissan,200SX
1088,Nissan,240SX
1089,Nissan,300ZX
1090,Nissan,350z
1091,Nissan,370Z
1092,Nissan,370z
1093,Nissan,ARIYA
1094,Nissan,Altima
1095,Nissan,Altima / Stanza
1096,Nissan,Altra EV
1097,Nissan,Armada
1098,Nissan,Axxess
1099,Nissan,Cube
1100,Nissan,Frontier
1101,Nissan,GT-R
1102,Nissan,Hardbody
1103,Nissan,Hyper-Mini
1104,Nissan,Juke
1105,Nissan,Kicks
1106,Nissan,LEAF
1107,Nissan,Leaf
1108,Nissan,Maxima
1109,Nissan,Murano
1110,Nissan,NV200 Cargo Van
1111,Nissan,NV200 NYC Taxi
1112,Nissan,NX
1113,Nissan,Pathfinder
1114,Nissan,Pickup
1115,Nissan,Pulsar NX
1116,Nissan,Pulsar/Pulsar-NX
1117,Nissan,Quest
1118,Nissan,Rogue
1119,Nissan,Rogue Sport
1120,Nissan,Sentra
1121,Nissan,Sentra/200SX
1122,Nissan,Stanza
1123,Nissan,Titan
1124,Nissan,Truck
1125,Nissan,Van
1126,Nissan,Versa
1127,Nissan,Xterra
1128,Nissan,Z
1129,Oldsmobile,Achieva
1130,Oldsmobile,Alero
1131,Oldsmobile,Aurora
1132,Oldsmobile,Bravada
1133,Oldsmobile,Calais
1134,Oldsmobile,Ciera
1135,Oldsmobile,Custom Cruiser
1136,Oldsmobile,Cutlass
1137,Oldsmobile,Cutlass Calais
1138,Oldsmobile,Cutlass Ciera
1139,Oldsmobile,Cutlass Cruiser
1140,Oldsmobile,Cutlass Supreme
1141,Oldsmobile,Delta 88
1142,Oldsmobile,Delta 88 Royale
1143,Oldsmobile,Eighty-Eight
1144,Oldsmobile,Eighty-Eight/Regency
1145,Oldsmobile,Eighty-Eight/Regency/LSS
1146,Oldsmobile,Firenza
1147,Oldsmobile,Intrigue
1148,Oldsmobile,Ninety-Eight
1149,Oldsmobile,Ninety-Eight II
1150,Oldsmobile,Ninety-Eight Regency
1151,Oldsmobile,Ninety-Eight/Touring
1152,Oldsmobile,Omega
1153,Oldsmobile,Silhouette
1154,Oldsmobile,Toronado
1155,Oldsmobile,Trofeo/Toronado
1156,PAS Inc - GMC,Pas-Syclone
1157,PAS Inc - GMC,Pas-typhoon
1158,"PAS, Inc",Pas-Syclone
1159,"PAS, Inc",Pas-Typhoon
1160,Pagani,Huayra
1161,Pagani,Huayra Coupe
1162,Panos,Roadster
1163,Panoz Auto-Development,Panoz Roadster
1164,Panther Car Company Limited,Kallista
1165,Peugeot,405
1166,Peugeot,505
1167,Peugeot,604
1168,Pininfarina,Spider
1169,Plymouth,Acclaim
1170,Plymouth,Breeze
1171,Plymouth,Caravelle
1172,Plymouth,Colt
1173,Plymouth,Conquest
1174,Plymouth,Gran Fury
1175,Plymouth,Horizon
1176,Plymouth,Laser
1177,Plymouth,Neon
1178,Plymouth,Prowler
1179,Plymouth,Reliant
1180,Plymouth,Sundance
1181,Plymouth,Sundance/Duster
1182,Plymouth,Turismo
1183,Plymouth,Voyager
1184,Plymouth,Voyager/Grand Voyager
1185,Polestar,1
1186,Polestar,2
1187,Pontiac,1000
1188,Pontiac,6000
1189,Pontiac,Aztek
1190,Pontiac,Bonneville
1191,Pontiac,Fiero
1192,Pontiac,Firebird/Trans Am/Formula
1193,Pontiac,Firefly
1194,Pontiac,G3
1195,Pontiac,G5
1196,Pontiac,G6
1197,Pontiac,G8
1198,Pontiac,GTO
1199,Pontiac,Grand Am
1200,Pontiac,Grand Prix
1201,Pontiac,Lemans
1202,Pontiac,Montana
1203,Pontiac,Monterey
1204,Pontiac,Parisienne
1205,Pontiac,Phoenix
1206,Pontiac,Safari
1207,Pontiac,Solstice
1208,Pontiac,Sunbird
1209,Pontiac,Sunburst
1210,Pontiac,Sunfire
1211,Pontiac,Torrent
1212,Pontiac,Trans Sport/Montana
1213,Pontiac,Vibe
1214,Pontiac,Wave
1215,Porsche,718
1216,Porsche,911
1217,Porsche,918 Spyder
1218,Porsche,924
1219,Porsche,928
1220,Porsche,944
1221,Porsche,968
1222,Porsche,Boxster
1223,Porsche,Carrera
1224,Porsche,Carrera 2 911 GT3
1225,Porsche,Carrera 2 Cabriolet
1226,Porsche,Carrera 2 Cabriolet Kit
1227,Porsche,Carrera 2 Coupe
1228,Porsche,Carrera 2 Coupe Kit
1229,Porsche,Carrera 2 S Cabriolet
1230,Porsche,Carrera 2 S Coupe
1231,Porsche,Carrera 4
1232,Porsche,Carrera 4 Cabriolet
1233,Porsche,Carrera 4 Cabriolet Kit
1234,Porsche,Carrera 4 Coupe
1235,Porsche,Carrera 4 S
1236,Porsche,Carrera 4 S Cabriolet
1237,Porsche,Carrera 4 S Cabriolet Kit
1238,Porsche,Carrera 4 S Coupe
1239,Porsche,Carrera 4 S Kit
1240,Porsche,Carrera 4 S Targa
1241,Porsche,Carrera 4 Targa
1242,Porsche,Carrera GT
1243,Porsche,Cayenne
1244,Porsche,Cayman
1245,Porsche,Macan
1246,Porsche,New 911 Carrera
1247,Porsche,Panamera
1248,Porsche,Targa
1249,Porsche,Taycan
1250,Porsche,Turbo
1251,Porsche,Turbo 2 911 GT2
1252,Porsche,Turbo 2 911 Gt2
1253,Porsche,Turbo 4 911
1254,Porsche,Turbo 4 911 Cab
1255,Porsche,Turbo 4 911 Cab Kit
1256,Porsche,Turbo 4 911 Kit
1257,Porsche,Turbo 4 911 S
1258,Porsche,Turbo 4 911 Turbo
1259,Porsche,Turbo 4 911 Turbo Cab S
1260,Porsche,Turbo GT2
1261,Porsche,Turbo Kit
1262,Quantum Technologies,Chevrolet Cavalier
1263,Qvale,Detomaso Mangusta
1264,RUF Automobile,RUF TURBO 12/CTR3
1265,RUF Automobile,RUFTURBO12/CTR3/CTR2017
1266,RUF Automobile,T12/CTR3/CTR Anniversary
1267,RUF Automobile,TURBO12/CTR3/CTR ANNIVERSARY
1268,Ram,1500
1269,Ram,C/V
1270,Ram,Promaster City
1271,Red Shift Ltd.,Delta 204T
1272,Renault,18i/Wagon/Sportwagon
1273,Renault,Alliance/Encore
1274,Renault,Fuego
1275,Renault,GTA
1276,Rivian,R1S
1277,Rivian,R1T
1278,Rolls-Royce,Azure
1279,Rolls-Royce,Brooklands/Turbo R
1280,Rolls-Royce,Camargue
1281,Rolls-Royce,Corniche/Continental
1282,Rolls-Royce,Cullinan
1283,Rolls-Royce,Dawn
1284,Rolls-Royce,Eight/Mulsan/Mulsanne
1285,Rolls-Royce,Flying Spur
1286,Rolls-Royce,Ghost
1287,Rolls-Royce,Limousine
1288,Rolls-Royce,Park Ward
1289,Rolls-Royce,Phantom
1290,Rolls-Royce,Silver Dawn
1291,Rolls-Royce,Silver Seraph
1292,Rolls-Royce,Silver Spirit II/Silver Spur
1293,Rolls-Royce,Silver Spirit III/Spur III
1294,Rolls-Royce,Silver Spirit/Silver Spur
1295,Rolls-Royce,Silver Spirit/Spur/Mulsanne
1296,Rolls-Royce,Silver Spur
1297,Rolls-Royce,Silver Spur II Mpw Touring L
1298,Rolls-Royce,Silver Spur III Limousine
1299,Rolls-Royce,Silver Spur Limousine
1300,Rolls-Royce,Silver Spur Park Ward
1301,Rolls-Royce,Silver Spur/Silver Dawn
1302,Rolls-Royce,Spectre
1303,Rolls-Royce,Spirit III/Spur III/Dawn
1304,Rolls-Royce,Wraith
1305,Roush Performance,F150
1306,Roush Performance,Mustang
1307,Roush Performance,Stage 3 Mustang
1308,Ruf Automobile Gmbh,Ruf
1309,S and S Coach Company  E.p. Dutton,Funeral Coach
1310,SRT,Viper
1311,STI,S209
1312,Saab,9-2
1313,Saab,9-3
1314,Saab,9-4
1315,Saab,9-5
1316,Saab,9-7
1317,Saab,900
1318,Saab,9000
1319,Saab,Convertible
1320,Saleen,Mustang
1321,Saleen,SSC
1322,Saleen Performance,F150 Supercharged
1323,Saleen Performance,S281 Family
1324,Saleen Performance,S331 Family
1325,Saturn,Astra
1326,Saturn,Aura
1327,Saturn,Ion
1328,Saturn,L100/200
1329,Saturn,L300
1330,Saturn,LS
1331,Saturn,LW
1332,Saturn,Outlook
1333,Saturn,Relay
1334,Saturn,SC
1335,Saturn,SKY
1336,Saturn,SL
1337,Saturn,SW
1338,Saturn,Vue
1339,Scion,FR-S
1340,Scion,iA
1341,Scion,iM
1342,Scion,iQ
1343,Scion,tC
1344,Scion,xA
1345,Scion,xB
1346,Scion,xD
1347,Shelby,Mustang GT
1348,Spyker,C8
1349,Sterling,825
1350,Sterling,827
1351,Subaru,Ascent
1352,Subaru,BRZ
1353,Subaru,Baja
1354,Subaru,Brat
1355,Subaru,Crosstrek
1356,Subaru,Forester
1357,Subaru,Hatchback
1358,Subaru,Impreza
1359,Subaru,Impreza/Outback Sport
1360,Subaru,Justy
1361,Subaru,Legacy
1362,Subaru,Legacy/Outback
1363,Subaru,Loyale
1364,Subaru,Outback
1365,Subaru,RX Turbo
1366,Subaru,SVX
1367,Subaru,Sedan
1368,Subaru,Solterra
1369,Subaru,Tribeca
1370,Subaru,WRX
1371,Subaru,Wagon
1372,Subaru,XT
1373,Superior Coaches Div E.p. Dutton,Funeral Coach
1374,Suzuki,Aerio
1375,Suzuki,Equator
1376,Suzuki,Esteem
1377,Suzuki,Forenza
1378,Suzuki,Forsa
1379,Suzuki,Grand Vitara
1380,Suzuki,Kizashi
1381,Suzuki,Reno
1382,Suzuki,SA 310
1383,Suzuki,SJ 410
1384,Suzuki,SW
1385,Suzuki,SX4
1386,Suzuki,Samurai
1387,Suzuki,Sidekick
1388,Suzuki,Swift
1389,Suzuki,Verona
1390,Suzuki,Vitara
1391,Suzuki,X-90
1392,Suzuki,XL7
1393,TVR Engineering Ltd,TVR 280i Convertible
1394,TVR Engineering Ltd,TVR 280i Coupe
1395,TVR Engineering Ltd,TVR 280i/350i Convertible
1396,TVR Engineering Ltd,TVR 280i/350i Coupe
1397,"Tecstar, LP",Foose F150
1398,Tesla,Model 3
1399,Tesla,Model S
1400,Tesla,Model X
1401,Tesla,Model Y
1402,Texas Coach Company,500SE
1403,Texas Coach Company,500SEC
1404,Texas Coach Company,500SEL
1405,Texas Coach Company,500SL
1406,Toyota,4Runner
1407,Toyota,86
1408,Toyota,Avalon
1409,Toyota,C-HR
1410,Toyota,Cab Chassis
1411,Toyota,Camry
1412,Toyota,Celica
1413,Toyota,Corolla
1414,Toyota,Corolla Cross
1415,Toyota,Cressida
1416,Toyota,Crown
1417,Toyota,Echo
1418,Toyota,FJ Cruiser
1419,Toyota,GR 86
1420,Toyota,GR Supra
1421,Toyota,Grand Highlander
1422,Toyota,Highlander
1423,Toyota,Land Cruiser
1424,Toyota,MR2
1425,Toyota,Matrix
1426,Toyota,Mirai
1427,Toyota,Paseo
1428,Toyota,Previa
1429,Toyota,Prius
1430,Toyota,Prius Prime
1431,Toyota,Prius c
1432,Toyota,Prius v
1433,Toyota,RAV4
1434,Toyota,RAV4 Prime
1435,Toyota,Sequoia
1436,Toyota,Sienna
1437,Toyota,Starlet
1438,Toyota,Supra
1439,Toyota,Tacoma
1440,Toyota,Tercel
1441,Toyota,Truck/T100
1442,Toyota,Tundra
1443,Toyota,Van
1444,Toyota,Venza
1445,Toyota,Yaris
1446,Toyota,bZ4X
1447,VPG,MV-1
1448,Vector,Avtech SC / M12
1449,Vector,W8
1450,Vinfast,VF 8
1451,Vinfast,VF 9
1452,Vixen Motor Company,21 TD
1453,Volga Associated Automobile,Niva
1454,Volkswagen,Arteon
1455,Volkswagen,Atlas
1456,Volkswagen,Beetle
1457,Volkswagen,CC
1458,Volkswagen,Cabrio
1459,Volkswagen,Cabriolet
1460,Volkswagen,Corrado
1461,Volkswagen,Eos
1462,Volkswagen,Eurovan
1463,Volkswagen,Fox
1464,Volkswagen,GLI
1465,Volkswagen,Golf/GTI
1466,Volkswagen,ID.4
1467,Volkswagen,Jetta
1468,Volkswagen,Passat
1469,Volkswagen,Phaeton
1470,Volkswagen,Quantum
1471,Volkswagen,R32
1472,Volkswagen,Rabbit
1473,Volkswagen,Routan
1474,Volkswagen,Scirocco
1475,Volkswagen,Taos
1476,Volkswagen,Tiguan
1477,Volkswagen,Touareg
1478,Volkswagen,Vanagon
1479,Volvo,240
1480,Volvo,740/760
1481,Volvo,780
1482,Volvo,850
1483,Volvo,940
1484,Volvo,960
1485,Volvo,960 Wagon/V90
1486,Volvo,960/S90
1487,Volvo,C30
1488,Volvo,C40
1489,Volvo,C70
1490,Volvo,Coupe
1491,Volvo,S40
1492,Volvo,S60
1493,Volvo,S70
1494,Volvo,S80
1495,Volvo,S90
1496,Volvo,V40
1497,Volvo,V50
1498,Volvo,V60
1499,Volvo,V70
1500,Volvo,V70 XC
1501,Volvo,V90
1502,Volvo,XC40
1503,Volvo,XC60
1504,Volvo,XC70
1505,Volvo,XC90
1506,Wallace Environmental,Wetl 190E
1507,Wallace Environmental,Wetl 300
1508,Wallace Environmental,Wetl 412
1509,Wallace Environmental,Wetl 500
1510,Wallace Environmental,Wetl 560
1511,Wallace Environmental,Wetl 600 SEL
1512,Wallace Environmental,Wetl 850I
1513,Wallace Environmental,Wetl Testarossa
1514,Yugo,GV Plus/GV/Cabrio
1515,Yugo,GV/GVX
1516,Yugo,Gy/yugo GVX
1517,smart,fortwo
